No. ,Link,Title,Location
1,https://kr.indeed.com/viewjob?jk=c1037225077ca4da,데이터 분석가 (Business Intelligence Analyst),서울 강남구
2,https://kr.indeed.com/viewjob?jk=22e554438bd095b3,[SK 주식회사(C&C)] 2020 상반기 인턴사원 (Data Analy...,성남 분당구
3,https://kr.indeed.com/viewjob?jk=e5dc298b211bf390,웹프로그래머 (FrontEnd) 기업부설연구소 연구원 #python #j...,서울 용산구
4,https://kr.indeed.com/viewjob?jk=510c964a8b329518,"스마트팜 환경제어 어플리케이션 개발, 유지보수 프로그래머",고양 덕양구
5,https://kr.indeed.com/viewjob?jk=d6a77ebabfefeba6,2020년 제1회 공무직 근로자 연장,대한민국
6,https://kr.indeed.com/viewjob?jk=c4762719d3d43938,2020년 제1회 예보국 공무직 근로자,대한민국
7,https://kr.indeed.com/viewjob?jk=df9e2b3f78d72831,2020년 상반기 각 부문 직원,대전 유성구
8,https://kr.indeed.com/viewjob?jk=92bd400e3b5306ba,[Search & Clova] Clova AI 인재,대한민국
9,https://kr.indeed.com/viewjob?jk=9b1f69a8e03a8def,전자부품연구원 비상근전문계약직 연구원,성남 분당구
10,https://kr.indeed.com/viewjob?jk=42854af9a9301b2e,2016년도 상반기 국립기상과학원 기간제근로자(소프트웨어기사),대한민국
11,https://kr.indeed.com/viewjob?jk=c0386b0f6c835e25,2020년 현대IT&E 경력사원 상시,경기도
12,https://kr.indeed.com/viewjob?jk=e11bc11a4d72cc54,MPK / MPI-SD Joint Postdoctoral Position for Ultrafast Nonli...,대한민국
11,https://kr.indeed.com/viewjob?jk=e11bc11a4d72cc54,MPK / MPI-SD Joint Postdoctoral Position for Ultrafast Nonli...,대한민국
12,https://kr.indeed.com/viewjob?jk=04d685fc70b67d4e,Linux/Python/PHP/MySQL/백엔드 정규직 경력,용인 보정동
13,https://kr.indeed.com/viewjob?jk=e65a195da656bcdc,[동영상플랫폼] 연계형 인턴십,대한민국
14,https://kr.indeed.com/viewjob?jk=973e6a135d2e3258,APEC 기후센터 (전산통계 연구원),대한민국
15,https://kr.indeed.com/viewjob?jk=b87ff4aabad6e65e,Process & Data Scientist,대한민국
16,https://kr.indeed.com/viewjob?jk=466ed639df372448,[판교]기술지원,경기도
17,https://kr.indeed.com/viewjob?jk=c3c0448a294b2db0,Application Analyst,대전
18,https://kr.indeed.com/viewjob?jk=5ed0334bca0963cb,[Autonomous Driving] Virtual Environment...,대한민국
19,https://kr.indeed.com/viewjob?jk=335f9cd948b16a62,기상레이더센터 연구원 및 전문연구요원,대한민국
20,https://kr.indeed.com/viewjob?jk=c2cf32da4ed35d9b,Korea Structuring Junior,대한민국
21,https://kr.indeed.com/viewjob?jk=c98ffc18c7dd2f41,2020년 3차 한국특허정보원 제한경쟁,대전 서구
22,https://kr.indeed.com/viewjob?jk=c1037225077ca4da,데이터 분석가 (Business Intelligence Analyst),서울 강남구
21,https://kr.indeed.com/viewjob?jk=c1037225077ca4da,데이터 분석가 (Business Intelligence Analyst),서울 강남구
22,https://kr.indeed.com/viewjob?jk=6ed2963730d3c340,Systems Engineer,대전
23,https://kr.indeed.com/viewjob?jk=628e527f7e9ca158,2018년 제2차 기상레이더센터 연구원(장애인) 특별,대한민국
24,https://kr.indeed.com/viewjob?jk=ce6747e77c861c46,Data Scientist,서울
25,https://kr.indeed.com/viewjob?jk=5085c1b0a277bf9a,2014년도 국립기상연구소 상반기 연구원(기간제근로자),대한민국
26,https://kr.indeed.com/viewjob?jk=1a6b3a1ea5050b89,2016년도 국립기상과학원 1분기 연구원(기간제근로자),대한민국
27,https://kr.indeed.com/viewjob?jk=fd67d04ed1642339,네이버 UGC 데이터 분석/운영 개발자,대한민국
28,https://kr.indeed.com/viewjob?jk=092d062a6faa7139,데이터 분석가,성남 판교역
29,https://kr.indeed.com/viewjob?jk=af4eba857169ba01,[한국오라클] Data Center Technician (Engineer...,강원도 춘천
30,https://kr.indeed.com/viewjob?jk=3b0e3b290f637baf,효성첨단소재(주) 타이어보강재PU 빅데이터 분석 경력사원,대한민국
31,https://kr.indeed.com/viewjob?jk=e11bc11a4d72cc54,MPK / MPI-SD Joint Postdoctoral Position for Ultrafast Nonli...,대한민국
31,https://kr.indeed.com/viewjob?jk=e11bc11a4d72cc54,MPK / MPI-SD Joint Postdoctoral Position for Ultrafast Nonli...,대한민국
32,https://kr.indeed.com/viewjob?jk=025b367acfd48c2a,파이선 프로그래머,청주 흥덕구
33,https://kr.indeed.com/viewjob?jk=60698c35cb4af005,2020년도 각 분야별,용인 기흥구
34,https://kr.indeed.com/viewjob?jk=640c9858f4f3b2f6,"데이터 분석 및 컨설팅 분야(Python, SAS, 빅데이터-신입)",서울 서초구
35,https://kr.indeed.com/viewjob?jk=56faa77d1c528354,청주기상지청 연구원(기간제 근로자),대한민국
36,https://kr.indeed.com/viewjob?jk=f81b03b26abefd26,인공지능AI 기술연구개발(이미지 학습/자동채색/자동번역),성남 분당구
37,https://kr.indeed.com/viewjob?jk=cae2de07045cfb2b,"Java, Python 영상툴 개발자",서울 마곡동
38,https://kr.indeed.com/viewjob?jk=d7a5d7d67068b597,Django + Python 웹개발,서울 가산디지털단지역
39,https://kr.indeed.com/viewjob?jk=e5aea836a6668a48,[SK텔레콤] 2020 신입사원 (무선 Infra (중부)),서울 중구
40,https://kr.indeed.com/viewjob?jk=554c2e55cc985488,Data Scientist,서울
41,https://kr.indeed.com/viewjob?jk=339f16c3c77753a7,Data Science Engineer (LINE AI Services...,성남 서현역
42,https://kr.indeed.com/viewjob?jk=c1037225077ca4da,데이터 분석가 (Business Intelligence Analyst),서울 강남구
41,https://kr.indeed.com/viewjob?jk=c1037225077ca4da,데이터 분석가 (Business Intelligence Analyst),서울 강남구
42,https://kr.indeed.com/viewjob?jk=1701b26651bb739a,(주)넷타겟 Bio-IT 융합 연구소 AI 연구원,대전 유성구
43,https://kr.indeed.com/viewjob?jk=55537575b7dd8d87,Physical Implementation Engineer,대한민국
44,https://kr.indeed.com/viewjob?jk=8c47e8f334705d2e,Algorithm Application Engineer,경기도
45,https://kr.indeed.com/viewjob?jk=27e932628adc768b,[아이콘트롤스] 2020년 경력 직원 (1.모바일App/웹 개발 2.데이...,대한민국
46,https://kr.indeed.com/viewjob?jk=a4cf93176abe0ca7,[NICE홀딩스] 2020년 경력직(IT) 수시,서울
47,https://kr.indeed.com/viewjob?jk=c73ca1effb65d557,AD 데이터 분석,성남 서현역
48,https://kr.indeed.com/viewjob?jk=bfe0f5ac4f32ec89,추천 통계분석/데이터사이언티스트,성남 판교역
49,https://kr.indeed.com/viewjob?jk=8e7e6dd1929ae8ab,소프트웨어 그룹 유망계열사 new,경기도
50,https://kr.indeed.com/viewjob?jk=f3a14b3f8d9e3e12,네이버 쇼핑검색플랫폼 개발자,대한민국
51,https://kr.indeed.com/viewjob?jk=3d941e4b961230cd,2018년도 국가기상위성센터 공무직근로자(연구원),대한민국
52,https://kr.indeed.com/viewjob?jk=e11bc11a4d72cc54,MPK / MPI-SD Joint Postdoctoral Position for Ultrafast Nonli...,대한민국
